{
	"info": {
		"_postman_id": "b59524de-57e9-4806-acff-c9e36b772c78",
		"name": "Exercise2",
		"schema": "https://schema.getpostman.com/json/collection/v2.1.0/collection.json"
	},
	"item": [
		{
			"name": "Get_Locations",
			"event": [
				{
					"listen": "test",
					"script": {
						"id": "d5be367e-00b0-4417-982a-3639f9bdf0ba",
						"exec": [
							"var schema = {",
							"  \"items\": {",
							"    \"type\": \"boolean\"",
							"  }",
							"};",
							"",
							"var data1 = [true, false];",
							"var data2 = [true, 123];",
							"",
							"pm.test('Schema is valid', function() {",
							"  pm.expect(tv4.validate(data1, schema)).to.be.true;",
							"  pm.expect(tv4.validate(data2, schema)).to.be.true;",
							"});"
						],
						"type": "text/javascript"
					}
				},
				{
					"listen": "prerequest",
					"script": {
						"id": "dcd464f6-33bb-440a-b7ae-5aba42fb1648",
						"exec": [
							""
						],
						"type": "text/javascript"
					}
				}
			],
			"request": {
				"auth": {
					"type": "noauth"
				},
				"method": "POST",
				"header": [
					{
						"key": "Content-Type",
						"value": "application/json"
					},
					{
						"key": "authorization",
						"value": "Bearer {{bearer_token}}"
					}
				],
				"body": {
					"mode": "raw",
					"raw": "{\n\t\"query\": \"London\"\n}"
				},
				"url": {
					"raw": "https://rest.karhoo.com/v1/locations/address-autocomplete",
					"protocol": "https",
					"host": [
						"rest",
						"karhoo",
						"com"
					],
					"path": [
						"v1",
						"locations",
						"address-autocomplete"
					]
				},
				"description": "Get a list of locations from a latitude and longitude and query-string"
			},
			"response": []
		}
	]
}